Franky Woolatt,fwoolatt0@weibo.com,Books,$50.12 ,12/25/16
Bradney Hallede,bhallede1@usnews.com,Baby,$93.14 ,10/14/16
Sileas Bellocht,sbellocht2@epa.gov,Outdoors,$94.21 ,2/17/17
Karla Ickovici,kickovici3@state.gov,Movies,$72.29 ,6/5/17
Bevvy Fuentes,bfuentes4@cdc.gov,Sports,$57.12 ,5/18/17
Randie Petzolt,rpetzolt5@g.co,Tools,$43.65 ,6/13/17
Burl Selvester,bselvester6@t.co,Jewelery,$77.09 ,5/7/17
Sansone MacNeilley,smacneilley7@uol.com.br,Home,$13.32 ,12/7/16
Vanya Marlowe,vmarlowe8@dmoz.org,Grocery,$6.08 ,10/6/16
Esteban Paulus,epaulus9@harvard.edu,Outdoors,$77.51 ,10/3/16
Beck Kensett,bkensetta@cnbc.com,Games,$80.71 ,5/9/17
Xaviera Gyurkovics,xgyurkovicsb@homestead.com,Clothing,$64.07 ,6/6/17
Halley Maryman,hmarymanc@hp.com,Games,$3.38 ,6/17/17
Regen Featenby,rfeatenbyd@cam.ac.uk,Games,$18.00 ,5/16/17
Prissie Garrattley,pgarrattleye@odnoklassniki.ru,Sports,$10.93 ,12/11/16
Lacey Tortis,ltortisf@ox.ac.uk,Clothing,$19.29 ,3/4/17
Florencia Hearsum,fhearsumg@meetup.com,Music,$58.15 ,10/12/16
Keir Click,kclickh@youku.com,Toys,$27.97 ,3/31/17
Gayelord Hundley,ghundleyi@goo.ne.jp,Kids,$5.95 ,12/14/16
Patsy Januszkiewicz,pjanuszkiewiczj@columbia.edu,Industrial,$12.41 ,12/12/16
Kearney Feldbrin,kfeldbrink@apache.org,Kids,$40.57 ,7/28/17
Anderea Mourton,amourtonl@spotify.com,Shoes,$58.48 ,3/2/17
Coleman Metzing,cmetzingm@ifeng.com,Games,$45.11 ,6/13/17
Friedrich Basil,fbasiln@geocities.jp,Toys,$76.25 ,7/1/17
Gaylene Curthoys,gcurthoyso@issuu.com,Sports,$38.04 ,8/21/17
Davita Closs,dclossp@mapy.cz,Beauty,$28.67 ,6/3/17
Mable Richardet,mrichardetq@twitter.com,Baby,$46.59 ,1/5/17
Hadrian Swalough,hswaloughr@macromedia.com,Books,$4.03 ,5/20/17
Selene Jolliss,sjollisss@sciencedaily.com,Toys,$39.20 ,2/27/17
Fernandina Pedder,fpeddert@discuz.net,Shoes,$51.16 ,2/11/17
Genevieve Bearns,gbearnsu@earthlink.net,Garden,$45.65 ,12/15/16
Mercy Cowper,mcowperv@wikia.com,Outdoors,$47.58 ,8/17/17
Andria Nunnerley,anunnerleyw@nyu.edu,Games,$98.43 ,5/14/17
Mel Stiddard,mstiddardx@zdnet.com,Health,$46.89 ,3/15/17
Chrisy Wrotham,cwrothamy@indiatimes.com,Grocery,$55.22 ,11/18/16
Cleavland Chamberlen,cchamberlenz@pagesperso-orange.fr,Home,$75.24 ,3/14/17
Jock Le Leu,jle10@studiopress.com,Jewelery,$47.64 ,9/24/17
Erik Sein,esein11@delicious.com,Automotive,$53.04 ,8/25/17
Evelina Roja,eroja12@intel.com,Computers,$71.99 ,1/17/17
Celinda Canning,ccanning13@ustream.tv,Beauty,$97.95 ,9/30/16
Linus Meakes,lmeakes14@google.ru,Music,$83.51 ,6/30/17
Chrissie Thorns,cthorns15@acquirethisname.com,Automotive,$91.99 ,4/17/17
Percival Schultes,pschultes16@360.cn,Home,$49.38 ,5/3/17
Priscella Aspinal,paspinal17@stumbleupon.com,Baby,$31.50 ,1/16/17
Jaimie Anstiss,janstiss18@bloglovin.com,Outdoors,$95.00 ,11/15/16
Bobby Saura,bsaura19@yahoo.co.jp,Movies,$39.02 ,7/20/17
Jessamyn Ninnoli,jninnoli1a@reddit.com,Electronics,$1.88 ,4/30/17
Hallsy Brok,hbrok1b@howstuffworks.com,Grocery,$19.99 ,4/3/17
Lynett Kunat,lkunat1c@fc2.com,Games,$86.69 ,12/31/16
Eachelle Lies,elies1d@studiopress.com,Automotive,$42.66 ,1/11/17
Dyanne Donan,ddonan1e@mapquest.com,Clothing,$27.23 ,4/28/17
Clareta Moizer,cmoizer1f@xrea.com,Electronics,$63.95 ,5/17/17
Hayyim Grimsdike,hgrimsdike1g@technorati.com,Kids,$31.26 ,12/26/16
Phil Covet,pcovet1h@businessweek.com,Toys,$25.22 ,1/27/17
Nels Sucre,nsucre1i@moonfruit.com,Tools,$39.55 ,5/31/17
Verene Aiston,vaiston1j@businessinsider.com,Home,$28.31 ,10/21/16
Pyotr Vanes,pvanes1k@about.com,Home,$41.22 ,1/25/17
Arvie Evershed,aevershed1l@alibaba.com,Health,$61.20 ,3/28/17
Tedmund Manktelow,tmanktelow1m@drupal.org,Baby,$34.86 ,11/25/16
Kenton Ferry,kferry1n@istockphoto.com,Computers,$43.51 ,9/8/17
Huntley Winsom,hwinsom1o@sun.com,Grocery,$41.84 ,6/16/17
Guilbert Learmonth,glearmonth1p@wikipedia.org,Home,$40.14 ,11/8/16
Raffarty Destouche,rdestouche1q@thetimes.co.uk,Garden,$37.34 ,7/8/17
Benni Weller,bweller1r@google.pl,Tools,$9.34 ,9/14/17
Stefanie Cunnell,scunnell1s@51.la,Games,$39.30 ,8/23/17
Deidre Churms,dchurms1t@free.fr,Movies,$9.74 ,8/12/17
Hayden Whitefoot,hwhitefoot1u@geocities.jp,Games,$16.99 ,5/12/17
Neil Clementi,nclementi1v@ted.com,Music,$24.72 ,9/28/17
Nial Hakeworth,nhakeworth1w@google.es,Computers,$45.55 ,7/30/17
Camel Antuoni,cantuoni1x@msu.edu,Automotive,$1.32 ,6/6/17
Bertram Oliphard,boliphard1y@dailymail.co.uk,Electronics,$83.32 ,6/6/17
Adriano Pennings,apennings1z@nyu.edu,Clothing,$19.78 ,1/9/17
Elnora Quainton,equainton20@moonfruit.com,Jewelery,$81.53 ,12/19/16
Richy Foxhall,rfoxhall21@newsvine.com,Jewelery,$46.18 ,4/18/17
Gregorius Gunton,ggunton22@bloomberg.com,Tools,$41.31 ,2/21/17
Clare Kloser,ckloser23@prweb.com,Games,$24.38 ,12/22/16
Zarah Dudley,zdudley24@vk.com,Games,$70.13 ,11/15/16
Shane Calven,scalven25@fastcompany.com,Kids,$40.15 ,3/30/17
Geneva Kesby,gkesby26@yandex.ru,Jewelery,$29.40 ,9/26/17
Garrick Vasilov,gvasilov27@usa.gov,Shoes,$55.73 ,9/6/17
Connor Davsley,cdavsley28@angelfire.com,Games,$2.24 ,10/9/16
Gerrilee Ivanchov,givanchov29@sakura.ne.jp,Jewelery,$34.74 ,6/17/17
Margit Huard,mhuard2a@wiley.com,Baby,$30.99 ,9/9/17
Louisette Hegg,lhegg2b@umich.edu,Music,$12.83 ,10/31/16
Maryrose Linay,mlinay2c@cbsnews.com,Sports,$12.22 ,12/15/16
Jyoti Pickles,jpickles2d@ocn.ne.jp,Jewelery,$64.35 ,5/29/17
Reyna Jentle,rjentle2e@springer.com,Computers,$28.98 ,1/7/17
Giraldo Aldritt,galdritt2f@nih.gov,Games,$65.07 ,6/4/17
Tedmund Kinchin,tkinchin2g@prweb.com,Automotive,$35.07 ,12/13/16
Sigfrid Crannell,scrannell2h@opera.com,Kids,$68.08 ,5/11/17
Kip Baxendale,kbaxendale2i@jugem.jp,Music,$66.25 ,5/30/17
Rani Durden,rdurden2j@unicef.org,Kids,$41.35 ,7/26/17
Stephannie Gibbett,sgibbett2k@livejournal.com,Sports,$55.73 ,3/4/17
Glenn Skottle,gskottle2l@over-blog.com,Kids,$37.76 ,8/1/17
Lynnea Southerden,lsoutherden2m@mapquest.com,Home,$88.51 ,3/6/17
Lyell Drysdall,ldrysdall2n@wikipedia.org,Automotive,$97.91 ,7/22/17
Morie Brenard,mbrenard2o@independent.co.uk,Shoes,$66.00 ,3/19/17
Reg Stych,rstych2p@icq.com,Toys,$52.22 ,10/18/16
Kermit Lyddy,klyddy2q@kickstarter.com,Games,$46.60 ,5/24/17
Morganica Shine,mshine2r@sourceforge.net,Health,$58.58 ,5/31/17
Clem Focke,cfocke2s@ask.com,Clothing,$70.50 ,3/23/17
Donall Briat,dbriat2t@chicagotribune.com,Home,$6.44 ,2/18/17
Nell Wilmot,nwilmot2u@answers.com,Garden,$10.15 ,4/7/17
Wilhelm Halshaw,whalshaw2v@unblog.fr,Home,$31.53 ,5/27/17
Hephzibah Derr,hderr2w@ameblo.jp,Clothing,$8.81 ,2/2/17
Francine Gilderoy,fgilderoy2x@homestead.com,Sports,$48.72 ,10/13/16
Nancey Durn,ndurn2y@gravatar.com,Grocery,$65.29 ,8/23/17
Wang Astridge,wastridge2z@cyberchimps.com,Toys,$32.57 ,7/14/17
Darrelle Longthorne,dlongthorne30@wired.com,Jewelery,$24.82 ,11/10/16
Linzy Brokenbrow,lbrokenbrow31@engadget.com,Beauty,$4.64 ,2/10/17
Cyrille Lamar,clamar32@so-net.ne.jp,Movies,$11.14 ,1/17/17
Analise Stormont,astormont33@posterous.com,Computers,$33.18 ,12/17/16
Parnell Lory,plory34@omniture.com,Movies,$26.93 ,3/7/17
Araldo Brickstock,abrickstock35@chronoengine.com,Garden,$63.81 ,11/21/16
Maitilde Hoy,mhoy36@yelp.com,Jewelery,$14.63 ,1/26/17
Jourdain Ballister,jballister37@plala.or.jp,Electronics,$89.32 ,9/15/17
Amber Herion,aherion38@answers.com,Jewelery,$13.02 ,4/6/17
Daniel Veltmann,dveltmann39@boston.com,Shoes,$17.62 ,9/10/17
Yorker Blurton,yblurton3a@blog.com,Shoes,$49.52 ,1/26/17
Tabor Garioch,tgarioch3b@facebook.com,Computers,$37.48 ,9/22/17
Emilia Kassman,ekassman3c@instagram.com,Sports,$99.43 ,9/17/17
Staci Mc Curlye,smc3d@skyrock.com,Books,$17.68 ,1/10/17
Ladonna Jane,ljane3e@nifty.com,Computers,$54.51 ,2/15/17
Aleksandr Bloan,abloan3f@google.com.hk,Health,$89.63 ,9/29/17
Felita Maliffe,fmaliffe3g@hugedomains.com,Health,$18.79 ,2/24/17
Tildi Ianne,tianne3h@unesco.org,Games,$8.23 ,3/4/17
Kimberli Paull,kpaull3i@xinhuanet.com,Baby,$70.55 ,10/27/16
Crissie Gerleit,cgerleit3j@google.de,Sports,$16.28 ,1/3/17
Malissa Pristnor,mpristnor3k@nationalgeographic.com,Garden,$90.66 ,8/8/17
Elizabet Dunphie,edunphie3l@elegantthemes.com,Toys,$74.84 ,1/17/17
Vanny Cowpland,vcowpland3m@dagondesign.com,Kids,$7.68 ,5/28/17
Margit Mingardi,mmingardi3n@google.cn,Home,$70.06 ,1/12/17
Jackelyn Woolam,jwoolam3o@amazonaws.com,Music,$59.49 ,10/30/16
Riordan Brittin,rbrittin3p@umich.edu,Movies,$45.09 ,9/21/17
Annelise Lilion,alilion3q@wufoo.com,Sports,$7.90 ,8/21/17
Jessa Maccree,jmaccree3r@spiegel.de,Health,$20.26 ,8/15/17
Lurette Redborn,lredborn3s@wsj.com,Music,$89.80 ,5/25/17
Prescott Indge,pindge3t@youtube.com,Outdoors,$3.56 ,3/21/17
Zebedee Marie,zmarie3u@taobao.com,Baby,$86.74 ,8/23/17
Ebba Halvosen,ehalvosen3v@thetimes.co.uk,Music,$56.83 ,11/13/16
Jackquelin Sanzio,jsanzio3w@imdb.com,Games,$36.05 ,6/30/17
Erina Louisot,elouisot3x@creativecommons.org,Health,$97.88 ,2/20/17
Pammie Hinge,phinge3y@google.co.uk,Grocery,$4.39 ,11/4/16
Starlene Igonet,sigonet3z@uiuc.edu,Garden,$17.77 ,8/16/17
Kathrine Blayd,kblayd40@usda.gov,Sports,$27.12 ,5/11/17
Ekaterina Pandey,epandey41@webeden.co.uk,Automotive,$92.40 ,8/7/17
Thane Chasles,tchasles42@state.gov,Books,$14.21 ,12/15/16
Templeton Warry,twarry43@163.com,Tools,$94.31 ,9/22/17
Fergus Bartolomeo,fbartolomeo44@disqus.com,Tools,$48.87 ,1/15/17
Darrell Kellington,dkellington45@who.int,Kids,$40.57 ,9/23/17
Janith Fandrey,jfandrey46@bloomberg.com,Beauty,$5.25 ,11/11/16
Greta Lodwig,glodwig47@weibo.com,Automotive,$21.28 ,8/15/17
Gabbey Curnokk,gcurnokk48@senate.gov,Games,$77.80 ,5/19/17
Emilie Tirone,etirone49@xing.com,Electronics,$14.88 ,3/30/17
Angelique Spoure,aspoure4a@e-recht24.de,Movies,$75.86 ,4/29/17
Mendy Limming,mlimming4b@rambler.ru,Tools,$70.14 ,10/22/16
Egor Duckworth,educkworth4c@symantec.com,Baby,$56.63 ,7/29/17
Thibaud Davydzenko,tdavydzenko4d@infoseek.co.jp,Toys,$7.43 ,1/8/17
Eve Catenot,ecatenot4e@ihg.com,Grocery,$85.50 ,6/27/17
Meta Mose,mmose4f@canalblog.com,Clothing,$39.36 ,8/16/17
Margalo Oakden,moakden4g@bandcamp.com,Music,$99.35 ,11/1/16
Stu Boog,sboog4h@hibu.com,Outdoors,$1.51 ,7/31/17
Charley Goodlud,cgoodlud4i@woothemes.com,Clothing,$52.80 ,1/8/17
Kalil Horlock,khorlock4j@shinystat.com,Outdoors,$49.87 ,6/19/17
Zollie Sancroft,zsancroft4k@netscape.com,Grocery,$59.55 ,3/26/17
Renelle Learie,rlearie4l@163.com,Computers,$88.52 ,8/4/17
Dag Keele,dkeele4m@nyu.edu,Shoes,$8.09 ,12/29/16
Brewer Thomazet,bthomazet4n@ihg.com,Grocery,$36.58 ,11/28/16
Betteann Smethurst,bsmethurst4o@tinyurl.com,Books,$43.43 ,6/8/17
Dino Bennen,dbennen4p@vk.com,Garden,$4.87 ,12/5/16
Gale O' Byrne,go4q@blogs.com,Grocery,$94.87 ,3/27/17
Elliot Mechic,emechic4r@marriott.com,Grocery,$77.38 ,11/16/16
Hoyt Goforth,hgoforth4s@ibm.com,Baby,$84.65 ,7/26/17
Jermaine Portch,jportch4t@altervista.org,Jewelery,$16.96 ,9/2/17
Consalve Paraman,cparaman4u@canalblog.com,Garden,$85.46 ,4/24/17
Wolfy Maffioni,wmaffioni4v@1688.com,Computers,$53.44 ,5/28/17
Louisa Dessaur,ldessaur4w@engadget.com,Computers,$85.95 ,6/6/17
Barrie Iskower,biskower4x@census.gov,Beauty,$96.53 ,12/31/16
Karil Steane,ksteane4y@shinystat.com,Books,$98.17 ,6/15/17
Emmaline Clemenza,eclemenza4z@hostgator.com,Electronics,$53.44 ,4/19/17
Theodora Pallesen,tpallesen50@cnbc.com,Automotive,$36.41 ,2/5/17
Angelo Reynold,areynold51@livejournal.com,Music,$87.57 ,4/6/17
Clio Labbey,clabbey52@ifeng.com,Baby,$63.21 ,7/16/17
Phillip Kinchlea,pkinchlea53@rediff.com,Baby,$60.86 ,8/16/17
Bailie Dorcey,bdorcey54@microsoft.com,Garden,$73.15 ,3/17/17
Starla Emlen,semlen55@gov.uk,Industrial,$78.55 ,5/14/17
Brendin Dumbleton,bdumbleton56@nature.com,Home,$81.52 ,11/6/16
Wallas Theunissen,wtheunissen57@nationalgeographic.com,Clothing,$80.90 ,2/16/17
Trenna Bathowe,tbathowe58@tinyurl.com,Electronics,$3.93 ,2/22/17
Bearnard Halleybone,bhalleybone59@goodreads.com,Beauty,$50.25 ,1/28/17
Dewie Devitt,ddevitt5a@mozilla.com,Computers,$82.99 ,7/25/17
Janot Farland,jfarland5b@skyrock.com,Health,$62.00 ,10/21/16
Germayne Pierro,gpierro5c@dropbox.com,Health,$43.39 ,12/28/16
Bonnibelle Goulter,bgoulter5d@lycos.com,Movies,$4.09 ,9/23/17
Aldous Georgeson,ageorgeson5e@diigo.com,Baby,$62.01 ,11/24/16
Ruthi Cleland,rcleland5f@over-blog.com,Toys,$91.00 ,11/28/16
Aaron Rosberg,arosberg5g@berkeley.edu,Jewelery,$4.94 ,3/2/17
Darice Greendale,dgreendale5h@amazonaws.com,Movies,$23.51 ,4/10/17
Robbie Tomashov,rtomashov5i@seattletimes.com,Home,$30.02 ,7/17/17
Michaela Tutchell,mtutchell5j@indiatimes.com,Baby,$63.00 ,9/18/17
Derrik Rumens,drumens5k@businessweek.com,Books,$23.96 ,7/29/17
Matty Cours,mcours5l@sitemeter.com,Beauty,$85.42 ,11/23/16
Dolf Cunnington,dcunnington5m@wix.com,Health,$44.56 ,9/14/17
Philippe Olczyk,polczyk5n@mail.ru,Sports,$30.49 ,11/26/16
Bentley Abeau,babeau5o@addtoany.com,Clothing,$11.07 ,10/8/16
Mohammed Watling,mwatling5p@mozilla.org,Music,$48.10 ,6/13/17
Ban Blunt,bblunt5q@toplist.cz,Clothing,$68.80 ,9/9/17
Victor Prendeville,vprendeville5r@yahoo.com,Baby,$70.00 ,1/6/17
Leyla Tunnow,ltunnow5s@lycos.com,Games,$29.71 ,11/29/16
Cherry Gillbey,cgillbey5t@imageshack.us,Computers,$2.49 ,12/26/16
Gilbertina Monkleigh,gmonkleigh5u@bloglovin.com,Grocery,$69.54 ,12/19/16
Denny Lozano,dlozano5v@usnews.com,Kids,$2.60 ,10/27/16
Stacee Bryceson,sbryceson5w@ucoz.com,Beauty,$24.77 ,5/26/17
Benny Prewer,bprewer5x@360.cn,Industrial,$99.58 ,5/25/17
William Mainland,wmainland5y@yale.edu,Music,$30.14 ,11/30/16
Yelena Charnock,ycharnock5z@bbc.co.uk,Shoes,$49.68 ,6/16/17
Lou Ellerey,lellerey60@goo.gl,Industrial,$61.94 ,8/29/17
Agnella Vaan,avaan61@ucsd.edu,Jewelery,$51.34 ,1/2/17
Heda Todman,htodman62@bbb.org,Automotive,$64.44 ,5/4/17
Onofredo Basilone,obasilone63@uol.com.br,Games,$26.46 ,1/7/17
Kristi Neill,kneill64@hostgator.com,Movies,$46.11 ,10/7/16
Gabriella Vautier,gvautier65@about.com,Sports,$1.15 ,9/7/17
Jacklyn Davidai,jdavidai66@ehow.com,Clothing,$26.36 ,3/30/17
Efrem Kyffin,ekyffin67@intel.com,Movies,$1.45 ,6/2/17
Laurie Jurs,ljurs68@uiuc.edu,Books,$6.81 ,4/4/17
Gilligan Dorbon,gdorbon69@indiatimes.com,Automotive,$60.82 ,3/4/17
Silvester Cecil,scecil6a@acquirethisname.com,Clothing,$50.53 ,8/24/17
Jacquetta Bengoechea,jbengoechea6b@kickstarter.com,Baby,$5.13 ,7/17/17
Grayce Coldbath,gcoldbath6c@baidu.com,Outdoors,$57.69 ,2/18/17
Dev Meininking,dmeininking6d@msu.edu,Jewelery,$56.00 ,12/6/16
Eberhard Potte,epotte6e@g.co,Sports,$80.44 ,4/11/17
Domini Swinden,dswinden6f@latimes.com,Automotive,$23.56 ,2/19/17
Ignacius Massel,imassel6g@facebook.com,Electronics,$45.71 ,5/23/17
Sheri Collcutt,scollcutt6h@google.es,Electronics,$65.18 ,8/21/17
Stefan Bettenson,sbettenson6i@google.es,Grocery,$91.17 ,4/4/17
Cosimo Laflin,claflin6j@pen.io,Movies,$88.32 ,5/3/17
Jemmy Abrahamoff,jabrahamoff6k@oaic.gov.au,Baby,$26.95 ,12/27/16
Shawn Rigmand,srigmand6l@nature.com,Automotive,$21.57 ,4/23/17
Patrizius Kynd,pkynd6m@newsvine.com,Baby,$46.89 ,9/24/17
Fin Ox,fox6n@narod.ru,Tools,$95.30 ,2/8/17
Adelbert Eskriet,aeskriet6o@redcross.org,Grocery,$6.57 ,7/29/17
Jordon Gunton,jgunton6p@loc.gov,Music,$91.87 ,1/18/17
Chad Rochelle,crochelle6q@marriott.com,Books,$58.33 ,12/2/16
Jeffrey Challin,jchallin6r@cdc.gov,Garden,$55.37 ,7/24/17
Kaitlyn McCarrell,kmccarrell6s@constantcontact.com,Computers,$84.39 ,11/18/16
Kalila Jolliff,kjolliff6t@photobucket.com,Kids,$85.74 ,12/25/16
Elinore Brou,ebrou6u@shutterfly.com,Kids,$43.14 ,4/24/17
Drew Ambler,dambler6v@ocn.ne.jp,Home,$15.74 ,5/28/17
Debi Hubbuck,dhubbuck6w@myspace.com,Garden,$3.72 ,3/27/17
Joaquin Rogers,jrogers6x@squidoo.com,Clothing,$34.43 ,3/28/17
Reade Bernardes,rbernardes6y@webs.com,Grocery,$52.84 ,9/4/17
Jessika Sketchley,jsketchley6z@vk.com,Tools,$18.63 ,10/24/16
Brina Gagie,bgagie70@wisc.edu,Toys,$4.35 ,2/6/17
Tad Cossom,tcossom71@indiatimes.com,Health,$6.76 ,3/4/17
Kippie McCaskill,kmccaskill72@hao123.com,Beauty,$64.74 ,12/21/16
Dianemarie Huddleston,dhuddleston73@nbcnews.com,Garden,$26.33 ,3/1/17
Maure Clemmen,mclemmen74@plala.or.jp,Electronics,$96.12 ,11/7/16
Afton Gullyes,agullyes75@shutterfly.com,Clothing,$19.58 ,8/11/17
Patrizius Eaken,peaken76@scribd.com,Beauty,$77.42 ,5/9/17
Alys Roskelly,aroskelly77@surveymonkey.com,Electronics,$7.01 ,9/29/17
Tabb Harefoot,tharefoot78@hibu.com,Beauty,$21.00 ,6/18/17
Loree Slemmonds,lslemmonds79@rakuten.co.jp,Health,$59.77 ,1/21/17
Debra McPike,dmcpike7a@redcross.org,Beauty,$31.28 ,5/14/17
Calley Chasles,cchasles7b@hexun.com,Home,$22.05 ,3/31/17
Salvatore MacGow,smacgow7c@i2i.jp,Toys,$1.77 ,7/18/17
Rory Steanyng,rsteanyng7d@odnoklassniki.ru,Grocery,$2.52 ,8/27/17
Vale Dupre,vdupre7e@1und1.de,Games,$28.30 ,9/27/17
Diego Rusk,drusk7f@naver.com,Electronics,$6.90 ,10/28/16
Claudelle Peak,cpeak7g@flickr.com,Garden,$12.59 ,3/30/17
Cathee Jays,cjays7h@toplist.cz,Shoes,$7.93 ,9/8/17
Del Thompson,dthompson7i@delicious.com,Automotive,$78.64 ,11/14/16
Frederich Juppe,fjuppe7j@woothemes.com,Grocery,$27.36 ,3/22/17
Matilde Corter,mcorter7k@independent.co.uk,Music,$41.34 ,9/12/17
Murry Bosward,mbosward7l@umich.edu,Books,$30.80 ,2/19/17
Rafaellle Fitzhenry,rfitzhenry7m@thetimes.co.uk,Automotive,$46.32 ,3/27/17
Christophorus Umbers,cumbers7n@wsj.com,Baby,$85.71 ,9/18/17
Justin Leyden,jleyden7o@cbc.ca,Movies,$41.45 ,4/29/17
Osborne Markos,omarkos7p@weebly.com,Health,$41.39 ,10/22/16
Danette Savoury,dsavoury7q@mapy.cz,Automotive,$5.89 ,9/19/17
Dimitri Vasilchenko,dvasilchenko7r@desdev.cn,Computers,$25.11 ,8/23/17
Alfie Dewar,adewar7s@cpanel.net,Electronics,$19.02 ,3/20/17
Paulie Andriuzzi,pandriuzzi7t@dyndns.org,Music,$68.35 ,4/2/17
Alfi McKinnell,amckinnell7u@infoseek.co.jp,Outdoors,$5.84 ,4/16/17
Olva Lammerich,olammerich7v@house.gov,Shoes,$14.22 ,10/1/16
Leisha Rochester,lrochester7w@exblog.jp,Health,$93.33 ,2/25/17
Noellyn Doche,ndoche7x@privacy.gov.au,Beauty,$20.09 ,6/21/17
Georgetta Urey,gurey7y@eepurl.com,Industrial,$96.13 ,6/4/17
Aurora Casillas,acasillas7z@hao123.com,Garden,$81.63 ,6/4/17
Adrien Iacomi,aiacomi80@jimdo.com,Movies,$31.25 ,10/9/16
Bethena Izkovitz,bizkovitz81@ucsd.edu,Tools,$38.87 ,7/10/17
Devland Anand,danand82@theatlantic.com,Baby,$57.09 ,8/10/17
Nanon Whitfield,nwhitfield83@tripod.com,Home,$83.11 ,1/9/17
Nevin McAvin,nmcavin84@prweb.com,Games,$85.14 ,2/27/17
Carmine Biddiss,cbiddiss85@t-online.de,Garden,$28.24 ,12/4/16
Reggi MacNeish,rmacneish86@elegantthemes.com,Baby,$36.78 ,8/6/17
Selene Pawelczyk,spawelczyk87@nationalgeographic.com,Jewelery,$33.67 ,11/7/16
Fairfax Haggith,fhaggith88@gnu.org,Automotive,$48.53 ,3/30/17
Kitti Whates,kwhates89@answers.com,Shoes,$17.25 ,3/29/17
Neila Yanele,nyanele8a@mozilla.com,Home,$68.41 ,9/10/17
Antonio Plascott,aplascott8b@dropbox.com,Electronics,$8.99 ,5/9/17
Keith Trunks,ktrunks8c@washington.edu,Toys,$46.14 ,9/19/17
Georgia Terney,gterney8d@ft.com,Outdoors,$42.14 ,5/25/17
Aurora Ferns,aferns8e@xrea.com,Home,$98.39 ,1/5/17
Kristen Waliszewski,kwaliszewski8f@businessinsider.com,Shoes,$83.54 ,11/7/16
Tybi Beiderbecke,tbeiderbecke8g@ning.com,Health,$91.30 ,1/18/17
Fabian Hunton,fhunton8h@soup.io,Tools,$5.73 ,6/7/17
Walker Gore,wgore8i@irs.gov,Music,$77.98 ,8/25/17
Catriona Driussi,cdriussi8j@github.com,Garden,$50.35 ,12/23/16
Barbara-anne Cawsey,bcawsey8k@tripod.com,Health,$75.38 ,10/16/16
Henryetta Hillett,hhillett8l@pagesperso-orange.fr,Electronics,$59.52 ,3/20/17
Boyce Andreou,bandreou8m@walmart.com,Jewelery,$60.77 ,10/19/16
Renie Kornyakov,rkornyakov8n@va.gov,Electronics,$29.42 ,2/19/17
Carla Hoyland,choyland8o@ebay.co.uk,Shoes,$52.43 ,8/4/17
Shelden Quittonden,squittonden8p@macromedia.com,Shoes,$14.52 ,8/12/17
Sergeant Simonetti,ssimonetti8q@pagesperso-orange.fr,Home,$15.35 ,5/13/17
Alisun McCormack,amccormack8r@amazon.co.uk,Garden,$90.68 ,11/24/16
Tab Dewdeny,tdewdeny8s@webs.com,Garden,$62.43 ,10/26/16
Ives Dunseith,idunseith8t@scribd.com,Electronics,$43.35 ,9/19/17
Nora Januszewski,njanuszewski8u@blogspot.com,Electronics,$3.87 ,6/24/17
Mariellen Buckner,mbuckner8v@drupal.org,Shoes,$78.59 ,1/16/17
Blythe Trethewey,btrethewey8w@last.fm,Games,$21.98 ,8/13/17
Willi Linn,wlinn8x@alibaba.com,Health,$23.21 ,10/6/16
Kippie Traut,ktraut8y@comcast.net,Shoes,$99.58 ,8/4/17
Jdavie Gosden,jgosden8z@meetup.com,Garden,$69.78 ,9/23/17
Gypsy Brewer,gbrewer90@baidu.com,Sports,$6.54 ,12/8/16
Alana Dolligon,adolligon91@woothemes.com,Shoes,$96.40 ,10/3/16
Averil Leveret,aleveret92@myspace.com,Kids,$99.94 ,11/16/16
Eldredge Dobrovsky,edobrovsky93@go.com,Shoes,$70.28 ,12/14/16
Gwenny Littleproud,glittleproud94@yale.edu,Baby,$92.50 ,5/26/17
Elinore Scully,escully95@wikia.com,Computers,$22.10 ,6/25/17
Peirce Real,preal96@weibo.com,Toys,$95.28 ,12/13/16
Damon Keady,dkeady97@dion.ne.jp,Movies,$21.47 ,12/3/16
Berty Derisley,bderisley98@dmoz.org,Tools,$23.08 ,9/27/17
Trevar Camelli,tcamelli99@bbb.org,Health,$14.28 ,6/1/17
Jaime Brimmacombe,jbrimmacombe9a@columbia.edu,Sports,$63.45 ,5/3/17
Dwayne Pococke,dpococke9b@sciencedaily.com,Garden,$89.21 ,4/14/17
Olympie Lowey,olowey9c@bravesites.com,Music,$50.43 ,6/18/17
Gwynne Gunther,ggunther9d@opera.com,Automotive,$87.80 ,2/21/17
Philippa Babber,pbabber9e@cbc.ca,Clothing,$6.52 ,12/12/16
Flossy Linnitt,flinnitt9f@vimeo.com,Shoes,$70.93 ,1/25/17
Thelma Maddison,tmaddison9g@phpbb.com,Jewelery,$67.87 ,3/16/17
Jaymie Fuidge,jfuidge9h@drupal.org,Baby,$86.70 ,5/18/17
Queenie McCardle,qmccardle9i@oracle.com,Automotive,$59.95 ,3/15/17
Salvatore Corran,scorran9j@shutterfly.com,Kids,$13.69 ,2/3/17
Boycie Rosengart,brosengart9k@wired.com,Music,$76.25 ,4/13/17
Jaime Redd,jredd9l@mayoclinic.com,Clothing,$13.15 ,3/26/17
Kaile Symcock,ksymcock9m@icq.com,Beauty,$29.22 ,6/8/17
Zsazsa Brahan,zbrahan9n@apache.org,Electronics,$20.72 ,9/23/17
Mortie Wollacott,mwollacott9o@acquirethisname.com,Movies,$45.85 ,5/30/17
Neddie Absolon,nabsolon9p@sogou.com,Electronics,$53.54 ,1/30/17
Dian Edlyne,dedlyne9q@mozilla.com,Sports,$58.89 ,6/30/17
Biddy McPhaden,bmcphaden9r@fastcompany.com,Toys,$52.27 ,8/20/17
Alina Mayoh,amayoh9s@globo.com,Outdoors,$54.51 ,1/7/17
Elle Cassam,ecassam9t@dagondesign.com,Grocery,$35.55 ,8/17/17
Bram Strachan,bstrachan9u@unblog.fr,Kids,$17.21 ,3/28/17
Richy Freund,rfreund9v@google.ru,Games,$57.41 ,1/16/17
Roanna Boraston,rboraston9w@blinklist.com,Toys,$65.60 ,1/10/17
Miguel Euplate,meuplate9x@tripod.com,Computers,$5.02 ,3/7/17
Shelton Sallenger,ssallenger9y@stanford.edu,Computers,$27.95 ,7/22/17
Ringo Caunt,rcaunt9z@dailymail.co.uk,Home,$15.25 ,10/13/16
Thia Hannant,thannanta0@unblog.fr,Grocery,$47.52 ,1/11/17
Sergei Measham,smeashama1@wordpress.org,Movies,$12.69 ,5/27/17
De witt Mitroshinov,dwitta2@xinhuanet.com,Games,$83.74 ,12/1/16
Sig Zarfai,szarfaia3@friendfeed.com,Sports,$98.96 ,5/30/17
Noby Bruniges,nbrunigesa4@posterous.com,Computers,$6.70 ,3/13/17
Mahala Heffron,mheffrona5@wix.com,Sports,$27.04 ,4/17/17
Erena Normanville,enormanvillea6@wikimedia.org,Movies,$7.01 ,9/27/17
Rocky Kitter,rkittera7@gizmodo.com,Clothing,$47.53 ,1/27/17
D'arcy MacRury,dmacrurya8@blogs.com,Automotive,$34.62 ,2/26/17
Horst Allchorne,hallchornea9@meetup.com,Sports,$4.48 ,4/15/17
Susanetta Connah,sconnahaa@shop-pro.jp,Toys,$58.97 ,4/4/17
Di Binfield,dbinfieldab@earthlink.net,Tools,$19.44 ,7/10/17
Nolly Cowoppe,ncowoppeac@reddit.com,Tools,$32.42 ,8/12/17
Leodora Damrell,ldamrellad@nps.gov,Toys,$84.43 ,3/17/17
Petrina Halladey,phalladeyae@multiply.com,Outdoors,$84.95 ,3/20/17
Merrill Mapp,mmappaf@cmu.edu,Games,$41.48 ,6/15/17
Prue Grolmann,pgrolmannag@artisteer.com,Sports,$84.77 ,1/28/17
Priscilla Laidlow,plaidlowah@goodreads.com,Jewelery,$47.42 ,8/28/17
Tremain Spinetti,tspinettiai@ucsd.edu,Computers,$17.66 ,10/7/16
Marie-jeanne Peever,mpeeveraj@ning.com,Toys,$38.89 ,7/23/17
Gran Szimoni,gszimoniak@soup.io,Toys,$42.32 ,1/31/17
Lorant Comolli,lcomollial@google.com.hk,Movies,$81.45 ,3/29/17
Josefa Gammons,jgammonsam@alibaba.com,Books,$59.32 ,12/15/16
Aldon Kier,akieran@bbc.co.uk,Industrial,$30.07 ,1/5/17
Milo Eborn,mebornao@elpais.com,Kids,$47.84 ,5/22/17
Mellisent Branney,mbranneyap@wisc.edu,Automotive,$18.19 ,9/4/17
Ailyn Oldall,aoldallaq@foxnews.com,Kids,$96.49 ,4/14/17
Blaine Riply,briplyar@cdc.gov,Baby,$53.36 ,10/13/16
Shaine Shimman,sshimmanas@ibm.com,Movies,$95.41 ,4/20/17
Louis Hindge,lhindgeat@wordpress.org,Tools,$94.84 ,2/10/17
Dene Phettiplace,dphettiplaceau@pinterest.com,Industrial,$69.98 ,10/3/16
Nicholle Rubartelli,nrubartelliav@newyorker.com,Kids,$90.11 ,6/1/17
Tabina Daldry,tdaldryaw@harvard.edu,Computers,$67.81 ,9/30/16
Sancho Leyre,sleyreax@blogger.com,Tools,$76.84 ,12/3/16
Sophronia Hodgets,shodgetsay@amazon.co.jp,Outdoors,$25.67 ,9/3/17
Gertrude Irnys,girnysaz@ocn.ne.jp,Computers,$91.07 ,9/15/17
Othella Cran,ocranb0@vimeo.com,Garden,$30.13 ,9/24/17
Husain Cobbledick,hcobbledickb1@vkontakte.ru,Movies,$53.85 ,12/4/16
Leandra Gatchell,lgatchellb2@redcross.org,Health,$90.24 ,9/21/17
Shawnee Roseborough,sroseboroughb3@virginia.edu,Industrial,$61.77 ,12/10/16
Petronella Buckenham,pbuckenhamb4@bandcamp.com,Health,$86.39 ,4/2/17
Gianina Lorden,glordenb5@soundcloud.com,Outdoors,$36.86 ,1/17/17
Ros Cherrett,rcherrettb6@ebay.com,Sports,$71.63 ,1/11/17
Jule Tidmarsh,jtidmarshb7@addtoany.com,Kids,$95.04 ,9/5/17
Adrian Joslin,ajoslinb8@chicagotribune.com,Movies,$57.90 ,10/4/16
Isobel Weins,iweinsb9@tumblr.com,Sports,$84.74 ,1/26/17
Kippie Frank,kfrankba@kickstarter.com,Clothing,$56.66 ,12/1/16
Marty Giggie,mgiggiebb@slideshare.net,Baby,$69.14 ,11/6/16
Rhiamon Ratazzi,rratazzibc@meetup.com,Health,$93.38 ,9/25/17
Debbie Mayho,dmayhobd@jigsy.com,Computers,$80.36 ,4/18/17
Diane-marie Ceresa,dceresabe@paginegialle.it,Electronics,$13.27 ,8/22/17
Coriss Grieve,cgrievebf@istockphoto.com,Sports,$4.44 ,7/16/17
Emile Rash,erashbg@goodreads.com,Movies,$70.54 ,12/27/16
Base Crips,bcripsbh@ezinearticles.com,Home,$84.90 ,10/28/16
Dorene Baxill,dbaxillbi@amazon.de,Garden,$13.68 ,9/10/17
Abdel Caveney,acaveneybj@sfgate.com,Grocery,$53.27 ,1/2/17
Erich Pomfrey,epomfreybk@marriott.com,Industrial,$45.80 ,8/7/17
Helsa Windous,hwindousbl@howstuffworks.com,Industrial,$54.06 ,2/16/17
Weston Osmint,wosmintbm@wikispaces.com,Music,$86.32 ,4/2/17
Cecily Tinner,ctinnerbn@exblog.jp,Kids,$57.33 ,4/19/17
Ardis Samter,asamterbo@behance.net,Home,$26.43 ,9/27/17
Drugi Becconsall,dbecconsallbp@slate.com,Home,$70.11 ,12/31/16
Ronda Eyrl,reyrlbq@wp.com,Industrial,$27.04 ,5/13/17
Halsey Da Costa,hdabr@fc2.com,Health,$95.38 ,2/5/17
Noby Francescuzzi,nfrancescuzzibs@over-blog.com,Computers,$74.24 ,9/16/17
Lottie Farbrace,lfarbracebt@senate.gov,Outdoors,$81.48 ,4/21/17
Becky Ridhole,bridholebu@bigcartel.com,Books,$73.13 ,7/21/17
Desmund Brazenor,dbrazenorbv@pbs.org,Tools,$6.57 ,8/17/17
Sonnnie Giacaponi,sgiacaponibw@ow.ly,Outdoors,$77.52 ,6/7/17
Archaimbaud Penny,apennybx@europa.eu,Automotive,$59.17 ,1/31/17
Sarge Quaife,squaifeby@sourceforge.net,Jewelery,$78.70 ,5/27/17
Kele McIlhagga,kmcilhaggabz@bloglovin.com,Kids,$61.14 ,12/12/16
Erwin Koomar,ekoomarc0@digg.com,Computers,$45.79 ,9/22/17
Layne Dandie,ldandiec1@theglobeandmail.com,Baby,$55.12 ,10/5/16
Zollie Pickvance,zpickvancec2@bloglines.com,Garden,$26.56 ,2/9/17
Anetta McInteer,amcinteerc3@thetimes.co.uk,Electronics,$18.20 ,12/3/16
Pedro Howgego,phowgegoc4@dailymotion.com,Shoes,$12.01 ,5/3/17
Ginni Wornum,gwornumc5@ftc.gov,Clothing,$35.26 ,10/31/16
Burtie Shilleto,bshilletoc6@tamu.edu,Baby,$63.11 ,3/31/17
Olvan Martins,omartinsc7@gizmodo.com,Electronics,$34.93 ,6/19/17
Ninnetta Lecointe,nlecointec8@slideshare.net,Automotive,$35.44 ,9/13/17
Bev Beviss,bbevissc9@patch.com,Jewelery,$27.59 ,3/17/17
Marita Muffett,mmuffettca@delicious.com,Automotive,$60.30 ,1/18/17
Eugine Sturgeon,esturgeoncb@gravatar.com,Games,$75.46 ,1/17/17
Tamas Davys,tdavyscc@gnu.org,Books,$51.43 ,1/16/17
Ynez Theunissen,ytheunissencd@blogs.com,Movies,$86.90 ,12/5/16
Sherwood Ferrulli,sferrullice@ocn.ne.jp,Tools,$86.77 ,6/8/17
Renate Asty,rastycf@nyu.edu,Baby,$99.01 ,4/6/17
Carlene Woolsey,cwoolseycg@google.ca,Grocery,$88.11 ,10/11/16
Blisse Millea,bmilleach@accuweather.com,Tools,$48.13 ,9/2/17
Giselle Leeds,gleedsci@google.com.br,Grocery,$19.78 ,5/23/17
Gray Petley,gpetleycj@dedecms.com,Home,$64.48 ,3/23/17
Rhianna Sommer,rsommerck@123-reg.co.uk,Kids,$22.24 ,6/7/17
Ingra Chaikovski,ichaikovskicl@hexun.com,Jewelery,$22.71 ,1/17/17
Munroe Pilgram,mpilgramcm@cmu.edu,Sports,$90.34 ,12/25/16
Morgen Challice,mchallicecn@soup.io,Industrial,$26.83 ,6/28/17
Joela Cordingley,jcordingleyco@npr.org,Tools,$67.07 ,12/10/16
Curcio Pharro,cpharrocp@hud.gov,Books,$43.04 ,4/28/17
Tressa Aumerle,taumerlecq@auda.org.au,Baby,$38.32 ,12/2/16
Rodi Fehely,rfehelycr@hubpages.com,Health,$11.87 ,2/5/17
Bobby Titterrell,btitterrellcs@csmonitor.com,Toys,$82.37 ,5/14/17
Melinde Petyt,mpetytct@amazonaws.com,Jewelery,$95.56 ,5/12/17
Gayle McCuaig,gmccuaigcu@google.es,Garden,$61.57 ,4/16/17
Maison Ahmed,mahmedcv@noaa.gov,Garden,$38.18 ,3/6/17
Karlie Lipson,klipsoncw@edublogs.org,Movies,$41.97 ,6/29/17
Kylila Clowser,kclowsercx@ezinearticles.com,Clothing,$13.30 ,10/7/16
Pete Laxe,plaxecy@google.com.br,Clothing,$38.78 ,7/13/17
Dyanna Daniau,ddaniaucz@surveymonkey.com,Computers,$38.80 ,6/27/17
Verney Noad,vnoadd0@washington.edu,Music,$74.73 ,5/15/17
Ravid Barcroft,rbarcroftd1@parallels.com,Books,$83.82 ,9/16/17
Gabbie Shorrock,gshorrockd2@4shared.com,Sports,$84.28 ,6/13/17
Ranice Carpe,rcarped3@loc.gov,Books,$90.71 ,4/10/17
Alayne Collens,acollensd4@slashdot.org,Health,$62.56 ,1/10/17
Elsi Dearnley,edearnleyd5@mit.edu,Sports,$38.50 ,12/16/16
Tandy Le Huquet,tled6@ucoz.com,Automotive,$68.11 ,4/1/17
Erhart Orkney,eorkneyd7@studiopress.com,Home,$62.15 ,4/25/17
Morten O'Lehane,molehaned8@behance.net,Games,$94.83 ,12/5/16
Evangelin Cabble,ecabbled9@trellian.com,Kids,$50.79 ,8/11/17
Killy Wavell,kwavellda@networkadvertising.org,Kids,$72.62 ,7/5/17
Corrina Arboin,carboindb@free.fr,Home,$38.53 ,11/20/16
Mose Bodd,mbodddc@theatlantic.com,Tools,$6.32 ,6/11/17
Cassie Alelsandrovich,calelsandrovichdd@wordpress.org,Kids,$71.22 ,1/9/17
Edvard Gooderson,egoodersonde@techcrunch.com,Garden,$74.97 ,4/13/17
Evangelina Pethick,epethickdf@arizona.edu,Toys,$79.76 ,4/3/17
Carla Rathmell,crathmelldg@seesaa.net,Grocery,$50.77 ,8/29/17
Ignatius Deamer,ideamerdh@cargocollective.com,Movies,$38.44 ,10/16/16
Bili Jarratt,bjarrattdi@360.cn,Tools,$56.37 ,8/14/17
Deloria Yearns,dyearnsdj@linkedin.com,Tools,$13.66 ,3/2/17
Francisco Greated,fgreateddk@clickbank.net,Movies,$69.02 ,2/27/17
Jefferson Martygin,jmartygindl@icq.com,Garden,$61.73 ,11/5/16
Jacintha Barwack,jbarwackdm@discovery.com,Computers,$78.92 ,3/12/17
Orelle Guiso,oguisodn@theglobeandmail.com,Games,$67.99 ,11/24/16
Dalia Deek,ddeekdo@squidoo.com,Clothing,$97.71 ,8/27/17
Diarmid Wagstaff,dwagstaffdp@live.com,Health,$83.97 ,11/6/16
Imelda De Domenicis,idedq@fc2.com,Garden,$87.53 ,12/10/16
Celesta Upston,cupstondr@cnbc.com,Outdoors,$86.06 ,10/16/16
Kylie Rouzet,krouzetds@blog.com,Clothing,$37.12 ,6/11/17
Aaren Iddenden,aiddendendt@blogger.com,Clothing,$28.03 ,5/22/17
Stormy Lacase,slacasedu@imdb.com,Toys,$59.48 ,2/19/17
Natalie Hirtz,nhirtzdv@about.me,Toys,$55.02 ,3/20/17
Roderich MacGragh,rmacgraghdw@trellian.com,Clothing,$63.27 ,10/21/16
Livvy Daid,ldaiddx@jugem.jp,Jewelery,$33.37 ,8/4/17
Harlene Costelow,hcostelowdy@tripadvisor.com,Games,$17.05 ,10/30/16
Obadias Catanheira,ocatanheiradz@latimes.com,Jewelery,$50.75 ,4/25/17
Barbabas Dumberell,bdumberelle0@wikispaces.com,Toys,$14.01 ,9/18/17
De witt Laverack,dwitte1@photobucket.com,Movies,$36.54 ,3/15/17
Malina McDougal,mmcdougale2@umn.edu,Clothing,$27.05 ,6/17/17
Albertine O'Lahy,aolahye3@craigslist.org,Kids,$37.25 ,2/20/17
Garrett Syson,gsysone4@google.ru,Sports,$92.96 ,1/31/17
Noelyn Wain,nwaine5@technorati.com,Outdoors,$86.06 ,10/29/16
Mohandas Statter,mstattere6@dmoz.org,Jewelery,$31.45 ,5/6/17
Zorina Herculson,zherculsone7@buzzfeed.com,Books,$62.02 ,10/27/16
Craggy Kuhnwald,ckuhnwalde8@census.gov,Grocery,$2.07 ,7/2/17
Cecilius Mattea,cmatteae9@uol.com.br,Shoes,$22.20 ,5/22/17
Hammad Souley,hsouleyea@simplemachines.org,Movies,$95.70 ,11/6/16
Faustine Shoard,fshoardeb@intel.com,Garden,$33.23 ,12/30/16
Joice Pleace,jpleaceec@yellowbook.com,Beauty,$73.46 ,8/2/17
Ellis Grigaut,egrigauted@mtv.com,Games,$11.14 ,6/7/17
Kathleen Battabee,kbattabeeee@dell.com,Beauty,$34.97 ,12/25/16
Cristy Mullaney,cmullaneyef@quantcast.com,Garden,$89.64 ,6/24/17
Rycca Tillard,rtillardeg@amazon.com,Computers,$81.54 ,8/21/17
Ashly Gellert,agellerteh@foxnews.com,Clothing,$16.43 ,1/15/17
Kev Leachman,kleachmanei@dagondesign.com,Garden,$87.67 ,4/17/17
Mikaela Tilsley,mtilsleyej@spotify.com,Outdoors,$50.50 ,10/4/16
Philippe Millery,pmilleryek@feedburner.com,Electronics,$51.25 ,12/21/16
Valentia Vasilischev,vvasilischevel@qq.com,Beauty,$46.65 ,2/7/17
Romain Danslow,rdanslowem@scientificamerican.com,Clothing,$72.12 ,8/8/17
Gustaf Dawidman,gdawidmanen@bigcartel.com,Kids,$23.84 ,3/11/17
Nil Vinall,nvinalleo@jimdo.com,Grocery,$31.04 ,10/21/16
Carmina Huntall,chuntallep@de.vu,Automotive,$61.46 ,12/12/16
Corbin Leaf,cleafeq@friendfeed.com,Movies,$74.80 ,2/28/17
Bunnie Avrasin,bavrasiner@github.io,Kids,$12.31 ,1/7/17
Ursala Thackston,uthackstones@de.vu,Toys,$63.66 ,9/23/17
Alvin Maving,amavinget@tripod.com,Home,$14.64 ,2/10/17
Liza Cavet,lcaveteu@hexun.com,Tools,$66.22 ,2/22/17
Ansley Purkis,apurkisev@github.com,Books,$60.25 ,12/30/16
Annabal Linneman,alinnemanew@reference.com,Movies,$69.31 ,5/31/17
Fayina Cuseick,fcuseickex@utexas.edu,Beauty,$20.73 ,4/20/17
Layton Cardello,lcardelloey@google.de,Games,$59.57 ,2/5/17
Loren Landells,llandellsez@forbes.com,Health,$50.93 ,10/22/16
Angel Guildford,aguildfordf0@webnode.com,Industrial,$49.79 ,9/13/17
Lombard Parfrey,lparfreyf1@sitemeter.com,Industrial,$48.73 ,6/1/17
Emmy Chilles,echillesf2@house.gov,Baby,$3.32 ,1/28/17
Sula Coursor,scoursorf3@cbslocal.com,Outdoors,$44.01 ,4/24/17
Gianina Tomlin,gtomlinf4@epa.gov,Beauty,$6.82 ,7/16/17
Daisi Doyle,ddoylef5@linkedin.com,Toys,$16.72 ,9/4/17
Sarene Dyment,sdymentf6@narod.ru,Movies,$11.66 ,9/15/17
Marcelia Murrey,mmurreyf7@i2i.jp,Tools,$11.84 ,12/3/16
Dita Abrahami,dabrahamif8@sitemeter.com,Garden,$91.05 ,6/13/17
Carlyn Collins,ccollinsf9@joomla.org,Garden,$37.23 ,9/21/17
Pearline Redon,predonfa@fema.gov,Home,$72.44 ,3/28/17
Judi Goodinson,jgoodinsonfb@japanpost.jp,Industrial,$91.99 ,10/6/16
Elenore Diver,ediverfc@desdev.cn,Outdoors,$72.60 ,10/31/16
Paddie Passo,ppassofd@tamu.edu,Music,$21.50 ,6/7/17
Burlie Fellini,bfellinife@wix.com,Jewelery,$32.57 ,2/16/17
Artur Newton,anewtonff@nsw.gov.au,Health,$93.14 ,8/23/17
Lukas Crickmore,lcrickmorefg@amazonaws.com,Computers,$61.15 ,11/25/16
Jennica Masse,jmassefh@dagondesign.com,Home,$62.59 ,7/14/17
Gayelord Hall,ghallfi@sciencedaily.com,Kids,$97.05 ,7/3/17
Davidde Pentland,dpentlandfj@chron.com,Movies,$40.22 ,10/16/16
Prisca Stolze,pstolzefk@ovh.net,Grocery,$87.17 ,1/29/17
Clayton Chown,cchownfl@yellowbook.com,Toys,$79.15 ,1/15/17
Andi Yukhnov,ayukhnovfm@fastcompany.com,Music,$86.58 ,4/14/17
Vidovic Kleinplatz,vkleinplatzfn@google.com.br,Clothing,$76.28 ,12/2/16
Bill Janca,bjancafo@wunderground.com,Health,$39.31 ,8/28/17
Isaiah Daton,idatonfp@msu.edu,Games,$45.70 ,1/5/17
Lita Haliburton,lhaliburtonfq@cisco.com,Computers,$70.88 ,3/12/17
Seana Hebbs,shebbsfr@blogs.com,Sports,$5.53 ,10/2/16
Dimitry Cuvley,dcuvleyfs@mashable.com,Kids,$64.63 ,2/4/17
Phillipe Jeskins,pjeskinsft@apple.com,Health,$23.16 ,9/5/17
Luis Maunsell,lmaunsellfu@list-manage.com,Baby,$58.79 ,4/8/17
Hersh Stinchcombe,hstinchcombefv@phpbb.com,Home,$83.68 ,2/7/17
Rory Kieran,rkieranfw@blog.com,Automotive,$27.88 ,2/26/17
Nonna Shadrach,nshadrachfx@storify.com,Tools,$76.18 ,1/20/17
Candi Joslin,cjoslinfy@storify.com,Garden,$37.11 ,10/1/16
Paige Snartt,psnarttfz@latimes.com,Jewelery,$20.68 ,12/12/16
Ainslie Blacksell,ablacksellg0@over-blog.com,Computers,$59.55 ,7/22/17
Marissa O'Farris,mofarrisg1@time.com,Sports,$49.19 ,10/31/16
Lion Crewes,lcrewesg2@alibaba.com,Home,$71.75 ,10/2/16
Margarette Hunston,mhunstong3@wikia.com,Tools,$39.77 ,12/14/16
Sven Frantsev,sfrantsevg4@tinypic.com,Grocery,$3.94 ,6/3/17
Karlene Ditchfield,kditchfieldg5@stanford.edu,Electronics,$9.44 ,8/29/17
Huntington Wadeson,hwadesong6@baidu.com,Automotive,$13.42 ,11/30/16
Ursula Derobert,uderobertg7@cbsnews.com,Kids,$42.40 ,11/3/16
Edgar Belt,ebeltg8@usatoday.com,Garden,$57.62 ,1/25/17
Shannah Pury,spuryg9@imdb.com,Tools,$16.90 ,12/28/16
Kippie Ranscome,kranscomega@sohu.com,Health,$22.41 ,7/12/17
Lenard Budge,lbudgegb@booking.com,Toys,$28.97 ,8/18/17
Zilvia Minnis,zminnisgc@spiegel.de,Music,$89.09 ,12/30/16
Whit Bugg,wbugggd@nyu.edu,Toys,$74.45 ,5/27/17
Mara Haggath,mhaggathge@parallels.com,Grocery,$24.71 ,6/24/17
Zacharia Poat,zpoatgf@bizjournals.com,Kids,$81.30 ,7/13/17
Gannon Norrey,gnorreygg@unicef.org,Electronics,$29.25 ,4/4/17
Griffith Castleton,gcastletongh@naver.com,Games,$49.23 ,6/2/17
Shayna Sparry,ssparrygi@engadget.com,Tools,$90.52 ,7/11/17
Kacey Timmins,ktimminsgj@noaa.gov,Automotive,$86.38 ,1/1/17
Palm Bazell,pbazellgk@wikipedia.org,Outdoors,$85.15 ,7/5/17
Carri Pocklington,cpocklingtongl@shop-pro.jp,Baby,$70.61 ,1/26/17
Elsa Dawidman,edawidmangm@craigslist.org,Baby,$3.58 ,5/16/17
Devin Underhill,dunderhillgn@hubpages.com,Music,$77.89 ,2/4/17
Kristofer Pennini,kpenninigo@google.ca,Garden,$69.23 ,4/6/17
Hilarius Beeble,hbeeblegp@tripadvisor.com,Sports,$95.42 ,4/27/17
Freeman Prowting,fprowtinggq@wikimedia.org,Health,$75.57 ,8/2/17
Clifford Gwyn,cgwyngr@fotki.com,Clothing,$15.64 ,4/28/17
Normy Cornewell,ncornewellgs@amazon.co.jp,Games,$76.32 ,6/17/17
Nealy Johnston,njohnstongt@blogs.com,Kids,$18.89 ,2/17/17
Glad Catcheside,gcatchesidegu@skype.com,Games,$26.07 ,9/26/17
Bobbie Windybank,bwindybankgv@booking.com,Computers,$90.81 ,4/15/17
Kristyn Syversen,ksyversengw@yahoo.co.jp,Home,$79.81 ,1/2/17
Dotti Grishankov,dgrishankovgx@yellowbook.com,Movies,$76.89 ,1/2/17
Pat Crackel,pcrackelgy@seattletimes.com,Shoes,$18.61 ,6/3/17
Erinna Ridsdell,eridsdellgz@netlog.com,Garden,$35.20 ,12/12/16
Brigham Oakwell,boakwellh0@harvard.edu,Sports,$25.17 ,7/17/17
Scot Trigg,striggh1@bloglovin.com,Electronics,$60.65 ,1/21/17
Lucky Collinette,lcollinetteh2@time.com,Jewelery,$59.00 ,9/7/17
Rebecca Golson,rgolsonh3@skyrock.com,Movies,$5.40 ,4/12/17
Fredrika Ovitz,fovitzh4@uiuc.edu,Tools,$78.15 ,4/10/17
Noel Le Fleming,nleh5@state.gov,Jewelery,$14.62 ,11/4/16
Jim Oller,jollerh6@upenn.edu,Shoes,$23.03 ,7/30/17
Pammi Veck,pveckh7@ask.com,Toys,$99.36 ,6/8/17
Jephthah Barsham,jbarshamh8@weibo.com,Beauty,$14.40 ,11/19/16
Mahalia Keuneke,mkeunekeh9@wix.com,Home,$48.56 ,6/27/17
Vicky Mixture,vmixtureha@cornell.edu,Shoes,$89.15 ,4/23/17
Andrej Senn,asennhb@sitemeter.com,Clothing,$78.12 ,11/12/16
Letisha Nafzger,lnafzgerhc@joomla.org,Health,$48.73 ,1/14/17
Cornie Asee,caseehd@exblog.jp,Electronics,$13.64 ,1/27/17
Abram Gleader,agleaderhe@engadget.com,Toys,$79.31 ,12/7/16
Doralynn Towse,dtowsehf@comcast.net,Jewelery,$95.63 ,4/18/17
Sibelle Coyne,scoynehg@msn.com,Sports,$65.95 ,9/23/17
Iris Knatt,iknatthh@google.nl,Kids,$26.84 ,12/14/16
Merwyn Pratt,mpratthi@bravesites.com,Sports,$49.99 ,7/16/17
Lannie Novic,lnovichj@statcounter.com,Jewelery,$43.22 ,4/11/17
Dita Fowden,dfowdenhk@time.com,Music,$68.48 ,12/24/16
Abbe Croom,acroomhl@yolasite.com,Clothing,$73.80 ,4/21/17
Almeria Bamfield,abamfieldhm@squidoo.com,Clothing,$53.70 ,5/29/17
Kelwin Clemenson,kclemensonhn@patch.com,Garden,$28.44 ,2/26/17
Cory Bramford,cbramfordho@hao123.com,Electronics,$50.41 ,5/18/17
Jayme Rilton,jriltonhp@simplemachines.org,Sports,$67.38 ,12/31/16
Urbain Leander,uleanderhq@moonfruit.com,Jewelery,$8.09 ,12/23/16
Kitti Rosenkranc,krosenkranchr@wikispaces.com,Tools,$22.29 ,2/5/17
Esmeralda Mallinder,emallinderhs@sohu.com,Automotive,$75.46 ,1/22/17
Lianna Luto,llutoht@springer.com,Industrial,$31.10 ,6/20/17
Alvira Hallsworth,ahallsworthhu@skyrock.com,Books,$89.22 ,5/2/17
Calhoun Siddele,csiddelehv@twitter.com,Sports,$74.05 ,10/27/16
Harley Connick,hconnickhw@wunderground.com,Health,$82.28 ,2/14/17
Karie Nattrass,knattrasshx@cam.ac.uk,Industrial,$21.88 ,5/27/17
Kessiah Curnnokk,kcurnnokkhy@icio.us,Movies,$67.80 ,9/9/17
Marjory Mouth,mmouthhz@godaddy.com,Clothing,$89.28 ,12/24/16
Syman Odom,sodomi0@creativecommons.org,Toys,$98.36 ,3/2/17
Hervey Boichat,hboichati1@webmd.com,Movies,$41.02 ,6/25/17
Stinky Severns,ssevernsi2@youku.com,Games,$21.24 ,9/6/17
Elane Beed,ebeedi3@home.pl,Toys,$24.04 ,3/13/17
Ralf Revie,rreviei4@blog.com,Shoes,$74.27 ,2/17/17
Christiano Tilbrook,ctilbrooki5@opera.com,Baby,$43.57 ,11/24/16
Queenie Ayris,qayrisi6@aol.com,Outdoors,$94.54 ,1/15/17
Ware Filipov,wfilipovi7@spiegel.de,Beauty,$27.85 ,3/3/17
Elinore Tockell,etockelli8@vinaora.com,Music,$38.08 ,8/6/17
Elana Bayfield,ebayfieldi9@so-net.ne.jp,Health,$13.55 ,12/30/16
Griswold Sasser,gsasseria@github.com,Sports,$16.54 ,5/12/17
Petronia Redit,preditib@wikimedia.org,Books,$14.17 ,1/13/17
Fred Counter,fcounteric@phpbb.com,Sports,$63.68 ,6/15/17
Tommy Ferrone,tferroneid@istockphoto.com,Home,$26.75 ,7/3/17
Celia Deer,cdeerie@t.co,Electronics,$29.93 ,4/3/17
Pascale Wilsher,pwilsherif@last.fm,Movies,$53.72 ,5/21/17
Sayer Laskey,slaskeyig@digg.com,Movies,$45.72 ,6/1/17
Arin Vearnals,avearnalsih@ucoz.ru,Grocery,$44.94 ,4/7/17
Mathian Devers,mdeversii@nymag.com,Electronics,$93.04 ,5/11/17
Inessa Lugg,iluggij@opensource.org,Grocery,$41.39 ,10/6/16
Dmitri Tettersell,dtettersellik@dyndns.org,Games,$33.51 ,12/5/16
Loutitia Alenin,laleninil@prweb.com,Computers,$40.64 ,4/6/17
Halsey Colquitt,hcolquittim@amazon.de,Industrial,$96.97 ,3/10/17
Kinna Elsom,kelsomin@nymag.com,Home,$4.13 ,12/7/16
Arturo Thibodeaux,athibodeauxio@people.com.cn,Kids,$64.63 ,1/18/17
Anselm Pidgley,apidgleyip@histats.com,Clothing,$33.12 ,8/17/17
Birdie Levensky,blevenskyiq@github.com,Electronics,$73.70 ,7/3/17
Reagen Robet,rrobetir@cyberchimps.com,Toys,$13.54 ,1/1/17
Horatio Emm,hemmis@xing.com,Grocery,$65.80 ,8/16/17
Aileen Beller,abellerit@go.com,Garden,$47.55 ,3/21/17
Rivi Fuzzey,rfuzzeyiu@ihg.com,Tools,$86.35 ,10/26/16
Teador Pingstone,tpingstoneiv@go.com,Home,$30.90 ,9/25/17
Kizzee Tilliard,ktilliardiw@sohu.com,Electronics,$70.03 ,8/17/17
Maynord Raecroft,mraecroftix@hibu.com,Grocery,$69.92 ,6/26/17
Abigael Kemson,akemsoniy@blogtalkradio.com,Electronics,$3.91 ,8/3/17
Kristine Costley,kcostleyiz@reverbnation.com,Shoes,$22.78 ,3/14/17
Margaret Trundler,mtrundlerj0@goodreads.com,Music,$97.74 ,10/25/16
Ryann Cadreman,rcadremanj1@reference.com,Books,$62.18 ,5/8/17
Starr Frowing,sfrowingj2@creativecommons.org,Jewelery,$72.66 ,10/13/16
Leela Shaudfurth,lshaudfurthj3@ucsd.edu,Jewelery,$99.76 ,5/10/17
Ninnette Preskett,npreskettj4@kickstarter.com,Games,$93.22 ,10/26/16
Sterling Iglesia,siglesiaj5@reddit.com,Tools,$74.87 ,9/8/17
Maitilde Copozio,mcopozioj6@shareasale.com,Garden,$64.99 ,3/15/17
Lynn Gabala,lgabalaj7@pagesperso-orange.fr,Tools,$40.44 ,1/29/17
Wendi Mabbett,wmabbettj8@bloomberg.com,Sports,$28.59 ,11/23/16
Katine Gimblet,kgimbletj9@globo.com,Electronics,$54.81 ,12/13/16
Lynnelle Sinkinson,lsinkinsonja@parallels.com,Garden,$85.49 ,4/24/17
Coleen Chuney,cchuneyjb@taobao.com,Toys,$51.45 ,5/22/17
Bernita Bygreaves,bbygreavesjc@deviantart.com,Beauty,$95.25 ,8/6/17
Brantley Larter,blarterjd@creativecommons.org,Sports,$55.49 ,5/29/17
Lynnelle Zottoli,lzottolije@pinterest.com,Computers,$51.02 ,5/20/17
Selle Meneely,smeneelyjf@altervista.org,Jewelery,$36.56 ,1/28/17
Fairleigh Dany,fdanyjg@histats.com,Grocery,$41.98 ,9/21/17
Alberta Jendricke,ajendrickejh@t.co,Home,$35.57 ,10/16/16
Padraic Gatiss,pgatissji@eventbrite.com,Toys,$54.66 ,2/26/17
Ossie Timpany,otimpanyjj@php.net,Music,$85.61 ,12/19/16
Randell Melbert,rmelbertjk@hexun.com,Industrial,$59.76 ,1/13/17
Margarete Kairns,mkairnsjl@hatena.ne.jp,Grocery,$86.16 ,2/18/17
Sophronia de Pinna,sdejm@dagondesign.com,Beauty,$78.67 ,3/16/17
Teodorico Dobbie,tdobbiejn@theguardian.com,Movies,$51.87 ,10/11/16
Brandice Leffek,bleffekjo@phoca.cz,Industrial,$12.31 ,4/5/17
Matthieu Angliss,manglissjp@friendfeed.com,Electronics,$17.62 ,9/5/17
Bobbette Sains,bsainsjq@uiuc.edu,Shoes,$31.87 ,10/7/16
Mildrid Ethelstone,methelstonejr@mapquest.com,Industrial,$46.95 ,12/12/16
Patricia Matteris,pmatterisjs@joomla.org,Grocery,$57.81 ,3/3/17
Sigfried Berriman,sberrimanjt@diigo.com,Books,$8.37 ,6/1/17
Edie Creech,ecreechju@pbs.org,Clothing,$15.13 ,1/6/17
Otho Lamperti,olampertijv@cbc.ca,Garden,$28.48 ,10/9/16
Jone Kirsch,jkirschjw@fotki.com,Shoes,$19.96 ,10/17/16
Ortensia Tiler,otilerjx@bizjournals.com,Automotive,$48.65 ,5/11/17
Benedetta Doonican,bdoonicanjy@altervista.org,Kids,$26.98 ,11/15/16
Dene Kollach,dkollachjz@w3.org,Toys,$97.69 ,10/12/16
Billie Largan,blargank0@businessweek.com,Industrial,$27.04 ,1/29/17
Lexine Killwick,lkillwickk1@npr.org,Shoes,$55.11 ,12/6/16
Sean Hubball,shubballk2@intel.com,Outdoors,$39.13 ,11/5/16
Jasen Rivilis,jrivilisk3@photobucket.com,Health,$4.91 ,5/2/17
Lucie McGeaney,lmcgeaneyk4@quantcast.com,Books,$8.71 ,7/3/17
Yanaton Gerge,ygergek5@weibo.com,Garden,$27.67 ,9/11/17
Jule Batterson,jbattersonk6@npr.org,Books,$29.72 ,1/5/17
Austen Wychard,awychardk7@ustream.tv,Health,$76.48 ,1/29/17
Phaidra Rounsefull,prounsefullk8@clickbank.net,Jewelery,$40.02 ,5/20/17
Jacquetta Iban,jibank9@homestead.com,Books,$77.51 ,9/8/17
Herschel McCallister,hmccallisterka@gmpg.org,Toys,$87.64 ,4/2/17
Jodi Georgius,jgeorgiuskb@time.com,Toys,$6.12 ,1/20/17
Kris Dennison,kdennisonkc@sitemeter.com,Kids,$3.10 ,9/5/17
Dill Mogenot,dmogenotkd@auda.org.au,Jewelery,$4.49 ,10/14/16
Kora Soan,ksoanke@tinypic.com,Computers,$1.48 ,9/10/17
Herold Bulward,hbulwardkf@nbcnews.com,Clothing,$60.56 ,3/10/17
Neel Allans,nallanskg@issuu.com,Clothing,$47.97 ,7/18/17
Loralee Mansell,lmansellkh@tumblr.com,Health,$83.51 ,1/20/17
Lorinda Olenov,lolenovki@forbes.com,Jewelery,$76.33 ,4/14/17
Blaire Moscone,bmosconekj@joomla.org,Outdoors,$42.37 ,5/15/17
Harper Ketts,hkettskk@nationalgeographic.com,Toys,$70.00 ,11/27/16
Bayard Plewes,bpleweskl@last.fm,Jewelery,$24.88 ,5/26/17
Lilas Markos,lmarkoskm@un.org,Kids,$95.87 ,8/27/17
Olivette Kordt,okordtkn@google.ru,Music,$31.14 ,8/26/17
Gavrielle Gerriessen,ggerriessenko@g.co,Music,$92.50 ,8/15/17
Beaufort Cuniffe,bcuniffekp@hp.com,Tools,$42.01 ,8/24/17
Stern Howatt,showattkq@fc2.com,Garden,$78.14 ,11/13/16
Kip Garmey,kgarmeykr@gnu.org,Computers,$84.92 ,9/10/17
Marys Pople,mpopleks@comcast.net,Clothing,$19.29 ,1/15/17
Vallie Ramsey,vramseykt@ftc.gov,Electronics,$24.11 ,7/20/17
Shel Spellward,sspellwardku@phpbb.com,Electronics,$36.25 ,10/26/16
Chrysa Bram,cbramkv@msn.com,Kids,$18.91 ,11/25/16
Bianka Simpkin,bsimpkinkw@chicagotribune.com,Computers,$78.05 ,7/14/17
Tad Babst,tbabstkx@jiathis.com,Toys,$77.02 ,11/19/16
Danit Bruhnke,dbruhnkeky@umn.edu,Electronics,$67.60 ,11/21/16
Ruthy Apfel,rapfelkz@china.com.cn,Sports,$50.04 ,2/17/17
Nickola Creedland,ncreedlandl0@sina.com.cn,Garden,$34.57 ,6/1/17
Silvester Bernier,sbernierl1@cbc.ca,Garden,$37.89 ,12/24/16
Glennie Millar,gmillarl2@time.com,Health,$54.08 ,9/6/17
Rania Gregorace,rgregoracel3@hubpages.com,Automotive,$52.32 ,12/2/16
Farris Godbold,fgodboldl4@hc360.com,Kids,$19.89 ,3/23/17
Doe Wasling,dwaslingl5@vimeo.com,Electronics,$1.62 ,1/20/17
Evy Bointon,ebointonl6@nih.gov,Movies,$84.07 ,2/17/17
Jody Rudeyeard,jrudeyeardl7@bizjournals.com,Movies,$34.05 ,7/10/17
Davy Thickin,dthickinl8@skype.com,Beauty,$35.59 ,12/8/16
Willow De Bischof,wdel9@who.int,Jewelery,$24.95 ,5/17/17
Dynah Soame,dsoamela@theatlantic.com,Baby,$71.64 ,5/25/17
Quint De Freyne,qdelb@bbb.org,Kids,$71.37 ,2/18/17
Neville Eley,neleylc@ibm.com,Toys,$29.70 ,2/23/17
Des Boyton,dboytonld@indiatimes.com,Toys,$44.58 ,5/27/17
Frazer Eagell,feagellle@vinaora.com,Music,$34.16 ,7/2/17
Llewellyn Laverack,llaveracklf@angelfire.com,Clothing,$79.69 ,4/12/17
Tammi Durrance,tdurrancelg@oracle.com,Jewelery,$32.52 ,5/30/17
Beck Linde,blindelh@zimbio.com,Tools,$47.55 ,3/7/17
Gabie Vasyushkhin,gvasyushkhinli@hc360.com,Baby,$97.02 ,1/10/17
Gerhardt Mulrean,gmulreanlj@nyu.edu,Health,$11.43 ,1/19/17
Shirleen Maurice,smauricelk@tuttocitta.it,Sports,$19.94 ,6/24/17
Lynne Escale,lescalell@qq.com,Electronics,$16.14 ,10/19/16
Cathy Dreger,cdregerlm@free.fr,Electronics,$64.64 ,1/14/17
Nicolina Theis,ntheisln@cpanel.net,Shoes,$37.70 ,10/12/16
Daren Cosby,dcosbylo@surveymonkey.com,Industrial,$9.23 ,10/8/16
Bailey Ride,bridelp@comsenz.com,Beauty,$93.27 ,4/10/17
Antin Joskowicz,ajoskowiczlq@shop-pro.jp,Tools,$86.90 ,1/24/17
Maurise McIlharga,mmcilhargalr@linkedin.com,Movies,$15.58 ,1/7/17
Abey McVaugh,amcvaughls@yahoo.co.jp,Clothing,$3.62 ,11/5/16
Nevile Jachimak,njachimaklt@163.com,Jewelery,$68.05 ,8/3/17
Kissiah Garci,kgarcilu@infoseek.co.jp,Sports,$26.98 ,4/8/17
Millard Bouda,mboudalv@yahoo.com,Health,$94.51 ,5/20/17
Jeffry Drogan,jdroganlw@google.com.br,Baby,$4.59 ,3/21/17
Theresa Klemencic,tklemenciclx@wisc.edu,Kids,$20.84 ,7/24/17
Pete Stronach,pstronachly@dagondesign.com,Baby,$53.11 ,5/24/17
Cliff Morefield,cmorefieldlz@cafepress.com,Industrial,$4.77 ,6/22/17
Vivien Sole,vsolem0@sbwire.com,Industrial,$32.11 ,5/10/17
Conn Sidgwick,csidgwickm1@digg.com,Beauty,$14.00 ,3/17/17
Lizbeth Guislin,lguislinm2@tripod.com,Music,$26.53 ,5/3/17
Brok Kiddy,bkiddym3@boston.com,Clothing,$40.33 ,1/29/17
Arlie Brozek,abrozekm4@bing.com,Health,$74.56 ,9/2/17
Emeline Craig,ecraigm5@slate.com,Garden,$37.95 ,10/17/16
Jourdan Morby,jmorbym6@linkedin.com,Movies,$75.78 ,7/7/17
Ulises Turfes,uturfesm7@dagondesign.com,Books,$47.80 ,10/2/16
Cross Barca,cbarcam8@gnu.org,Sports,$84.64 ,3/12/17
Dorey Itzig,ditzigm9@storify.com,Shoes,$77.33 ,8/15/17
Erminia Semour,esemourma@seesaa.net,Beauty,$51.21 ,7/11/17
Catherin Roff,croffmb@pbs.org,Home,$18.68 ,1/18/17
Shoshana Bailie,sbailiemc@acquirethisname.com,Music,$89.42 ,9/16/17
Cristobal Densham,cdenshammd@mapquest.com,Books,$62.88 ,8/8/17
Nannette Garner,ngarnerme@vimeo.com,Grocery,$29.11 ,1/2/17
Adlai Klimas,aklimasmf@comsenz.com,Home,$81.95 ,3/5/17
Joshia Pindar,jpindarmg@gizmodo.com,Home,$31.91 ,2/3/17
Kristine Erskine Sandys,kerskinemh@cocolog-nifty.com,Games,$13.32 ,1/27/17
Shelli Bortolozzi,sbortolozzimi@reverbnation.com,Garden,$63.74 ,12/29/16
Nevin Stuchbury,nstuchburymj@uiuc.edu,Kids,$76.62 ,4/15/17
Loydie Bellefonte,lbellefontemk@unicef.org,Automotive,$91.51 ,9/6/17
Park Bartlomiej,pbartlomiejml@gmpg.org,Beauty,$2.17 ,12/27/16
Vladimir Gosz,vgoszmm@ifeng.com,Shoes,$23.29 ,10/10/16
Maia D'Antuoni,mdantuonimn@oracle.com,Garden,$17.72 ,7/5/17
Cash Cino,ccinomo@about.com,Clothing,$6.33 ,3/5/17
Pooh Broddle,pbroddlemp@umich.edu,Tools,$64.80 ,6/3/17
Hildy Akker,hakkermq@symantec.com,Books,$11.31 ,2/20/17
Brannon Nisard,bnisardmr@psu.edu,Health,$14.07 ,12/29/16
Hunfredo Agneau,hagneaums@hp.com,Books,$55.62 ,9/4/17
Libbey Spinella,lspinellamt@jimdo.com,Industrial,$87.73 ,1/16/17
Ebenezer Rylatt,erylattmu@tamu.edu,Toys,$60.18 ,4/14/17
Moll Tolman,mtolmanmv@xrea.com,Sports,$75.74 ,3/24/17
Devora Wellington,dwellingtonmw@kickstarter.com,Automotive,$21.67 ,12/15/16
Palmer Terron,pterronmx@google.com,Grocery,$2.77 ,4/9/17
Barty Galliford,bgallifordmy@netlog.com,Industrial,$63.57 ,4/5/17
Paul Storkes,pstorkesmz@reuters.com,Automotive,$34.21 ,8/30/17
Inger Pedycan,ipedycann0@uiuc.edu,Clothing,$64.14 ,5/3/17
Mendel Luscott,mluscottn1@themeforest.net,Movies,$17.57 ,9/11/17
Lois Clews,lclewsn2@purevolume.com,Sports,$4.57 ,8/14/17
Amelie Sweetnam,asweetnamn3@networkadvertising.org,Outdoors,$66.58 ,10/5/16
Al Janowicz,ajanowiczn4@canalblog.com,Books,$80.90 ,10/19/16
Hugh Sclater,hsclatern5@latimes.com,Kids,$65.20 ,2/7/17
Colly Christopher,cchristophern6@1688.com,Movies,$23.30 ,9/20/17
Shay de Tocqueville,sden7@disqus.com,Shoes,$87.24 ,3/23/17
Randene Easeman,reasemann8@nps.gov,Computers,$5.09 ,12/26/16
Dag Belsham,dbelshamn9@i2i.jp,Home,$7.04 ,3/7/17
Leshia Jannaway,ljannawayna@google.co.jp,Electronics,$80.64 ,9/30/16
Effie Breheny,ebrehenynb@uol.com.br,Home,$17.05 ,9/27/17
Carson Cornely,ccornelync@storify.com,Automotive,$91.74 ,1/29/17
L;urette Cumine,lcuminend@statcounter.com,Movies,$29.42 ,5/19/17
Lucine Akker,lakkerne@phpbb.com,Health,$65.31 ,9/1/17
Vassili Vasyunkin,vvasyunkinnf@senate.gov,Electronics,$1.23 ,1/21/17
Hoyt Lerway,hlerwayng@umich.edu,Shoes,$30.01 ,8/14/17
Pennie Grigsby,pgrigsbynh@ftc.gov,Toys,$57.74 ,4/7/17
Salem Ribbon,sribbonni@weebly.com,Books,$41.46 ,3/10/17
Dorian Mottinelli,dmottinellinj@gravatar.com,Beauty,$81.80 ,12/12/16
Hercules Claris,hclarisnk@is.gd,Toys,$5.58 ,11/22/16
Clemmy Raggatt,craggattnl@t-online.de,Shoes,$67.71 ,9/4/17
Arden Gulberg,agulbergnm@imdb.com,Garden,$20.03 ,12/14/16
Jacquelyn Wrightam,jwrightamnn@prlog.org,Music,$16.47 ,4/10/17
Kelcie Nutten,knuttenno@youtube.com,Games,$91.90 ,4/24/17
Vinny McEntee,vmcenteenp@facebook.com,Kids,$27.67 ,5/16/17
Kassia Allicock,kallicocknq@hubpages.com,Games,$31.61 ,4/21/17
Ripley Madgewick,rmadgewicknr@narod.ru,Movies,$74.21 ,11/9/16
Asia D'Ruel,adruelns@cnbc.com,Computers,$77.85 ,8/1/17
Carlo Healey,chealeynt@yellowbook.com,Jewelery,$22.59 ,8/5/17
Casie Louth,clouthnu@usa.gov,Beauty,$10.76 ,2/3/17
Humbert Bescoby,hbescobynv@accuweather.com,Music,$41.89 ,1/31/17
Arlee Saiger,asaigernw@cloudflare.com,Grocery,$94.44 ,12/28/16
Jedidiah Lawrance,jlawrancenx@ox.ac.uk,Computers,$90.83 ,11/8/16
Adelheid Cudd,acuddny@cafepress.com,Grocery,$52.99 ,9/28/17
Adah Pleuman,apleumannz@ocn.ne.jp,Electronics,$81.79 ,9/18/17
Yvonne Nicol,ynicolo0@hp.com,Books,$66.15 ,5/22/17
Jacquetta Vicent,jvicento1@disqus.com,Outdoors,$29.59 ,2/21/17
Todd Wabb,twabbo2@wix.com,Computers,$71.69 ,2/16/17
Brade Sandiford,bsandifordo3@umich.edu,Kids,$55.45 ,4/22/17
Shaylah Marnes,smarneso4@sogou.com,Beauty,$41.76 ,4/11/17
Ferrell Pauluzzi,fpauluzzio5@phoca.cz,Home,$42.01 ,9/3/17
Donielle Braun,dbrauno6@fda.gov,Baby,$37.98 ,7/10/17
Ronnica Penswick,rpenswicko7@soup.io,Kids,$7.37 ,7/31/17
Claudina Giannazzo,cgiannazzoo8@cargocollective.com,Kids,$3.84 ,4/20/17
Zorah Densham,zdenshamo9@mozilla.org,Health,$86.25 ,12/20/16
Constantine Penk,cpenkoa@wiley.com,Kids,$23.06 ,3/19/17
Conway Norledge,cnorledgeob@bloglovin.com,Beauty,$59.14 ,2/22/17
Avram Pipworth,apipworthoc@yolasite.com,Computers,$8.09 ,9/3/17
Gwenny Cottingham,gcottinghamod@examiner.com,Music,$31.31 ,4/5/17
Sindee Rangeley,srangeleyoe@redcross.org,Health,$71.44 ,3/6/17
Hedwiga Savin,hsavinof@paypal.com,Games,$26.49 ,1/1/17
Beatrix Grayling,bgraylingog@vinaora.com,Garden,$90.32 ,9/15/17
Mick D'Adamo,mdadamooh@bigcartel.com,Baby,$51.49 ,3/4/17
Reamonn Kissack,rkissackoi@constantcontact.com,Sports,$70.74 ,4/1/17
Murielle Britee,mbriteeoj@slashdot.org,Toys,$92.41 ,10/12/16
Koenraad Wilkie,kwilkieok@hp.com,Outdoors,$41.55 ,12/8/16
Daphna Romanski,dromanskiol@oaic.gov.au,Kids,$96.50 ,10/30/16
Winston Swynley,wswynleyom@gravatar.com,Industrial,$94.58 ,6/17/17
Zelda Connett,zconnetton@multiply.com,Jewelery,$88.98 ,3/13/17
Judon McBay,jmcbayoo@usatoday.com,Tools,$39.57 ,4/17/17
Hamlen Vedishchev,hvedishchevop@redcross.org,Beauty,$21.86 ,5/20/17
Maison Petzold,mpetzoldoq@istockphoto.com,Books,$53.42 ,7/16/17
Ted Roggero,troggeroor@cdc.gov,Jewelery,$87.75 ,4/16/17
Pepi O'Fearguise,pofearguiseos@purevolume.com,Baby,$33.67 ,2/4/17
Elton Varney,evarneyot@alexa.com,Outdoors,$43.83 ,1/10/17
Sheff Jelly,sjellyou@wikispaces.com,Grocery,$32.97 ,6/16/17
Sidonnie Escritt,sescrittov@altervista.org,Beauty,$77.05 ,12/29/16
Kent Palliser,kpalliserow@bravesites.com,Toys,$21.66 ,7/25/17
Candida Prest,cprestox@engadget.com,Grocery,$33.38 ,7/18/17
Dasi Smitherham,dsmitherhamoy@telegraph.co.uk,Automotive,$48.96 ,11/25/16
Lona Giovannoni,lgiovannonioz@gmpg.org,Baby,$26.95 ,11/7/16
Stillman Boxall,sboxallp0@tinyurl.com,Shoes,$20.85 ,5/25/17
Katie Petersen,kpetersenp1@newsvine.com,Tools,$67.72 ,1/30/17
Wolf Herreros,wherrerosp2@guardian.co.uk,Sports,$23.90 ,1/4/17
Jerrylee Challener,jchallenerp3@stanford.edu,Garden,$16.41 ,4/4/17
Brenna Thackwray,bthackwrayp4@live.com,Shoes,$55.10 ,2/14/17
Jo Myrie,jmyriep5@hhs.gov,Beauty,$71.74 ,6/9/17
Sam Human,shumanp6@cdbaby.com,Home,$83.51 ,4/18/17
Delores Sapena,dsapenap7@dyndns.org,Books,$76.20 ,2/2/17
Bartholomew Edwicke,bedwickep8@yellowpages.com,Clothing,$83.67 ,1/3/17
Brian Jakoviljevic,bjakoviljevicp9@amazon.co.jp,Grocery,$85.95 ,7/7/17
Tara Byrd,tbyrdpa@cbc.ca,Beauty,$39.37 ,4/17/17
Paolina Redmell,predmellpb@acquirethisname.com,Tools,$45.45 ,10/15/16
Bentlee Melesk,bmeleskpc@ning.com,Baby,$50.23 ,1/25/17
Ravi Corhard,rcorhardpd@linkedin.com,Home,$96.97 ,12/30/16
Nydia Gahagan,ngahaganpe@tuttocitta.it,Outdoors,$10.93 ,11/16/16
Marylynne Ney,mneypf@sbwire.com,Music,$57.20 ,7/2/17
Pasquale Giacomoni,pgiacomonipg@sitemeter.com,Garden,$9.66 ,4/16/17
Kleon Kinnaird,kkinnairdph@symantec.com,Kids,$52.74 ,2/7/17
Karry Perillio,kperilliopi@ibm.com,Industrial,$28.54 ,12/20/16
Hashim Johnston,hjohnstonpj@geocities.jp,Clothing,$44.27 ,3/8/17
Leslie Gallop,lgalloppk@cpanel.net,Health,$16.95 ,12/23/16
Olympie Whorton,owhortonpl@aboutads.info,Beauty,$88.24 ,11/30/16
Andromache Croser,acroserpm@squarespace.com,Grocery,$95.16 ,4/6/17
Stanton Lammers,slammerspn@ycombinator.com,Sports,$42.86 ,2/28/17
Bryon Tootell,btootellpo@squarespace.com,Music,$37.45 ,3/8/17
Maddie Belson,mbelsonpp@telegraph.co.uk,Computers,$45.65 ,8/20/17
Karlyn Longhorn,klonghornpq@indiegogo.com,Shoes,$98.62 ,3/10/17
Nanice Eppson,neppsonpr@sciencedaily.com,Electronics,$50.70 ,12/2/16
Talbot Hutton,thuttonps@dailymotion.com,Toys,$33.38 ,1/18/17
Carri Burgen,cburgenpt@list-manage.com,Movies,$66.90 ,12/9/16
Aloin Donavan,adonavanpu@nasa.gov,Games,$73.11 ,9/12/17
Packston Goodliffe,pgoodliffepv@kickstarter.com,Outdoors,$3.37 ,4/4/17
Dermot Finders,dfinderspw@princeton.edu,Electronics,$16.30 ,2/12/17
Joyous Hearty,jheartypx@t-online.de,Beauty,$45.72 ,6/16/17
Ursuline Klicher,uklicherpy@berkeley.edu,Sports,$3.16 ,10/8/16
Vonnie Northwood,vnorthwoodpz@cbslocal.com,Tools,$34.58 ,4/24/17
Barbie Brunetti,bbrunettiq0@histats.com,Beauty,$20.98 ,12/4/16
Lauretta Goodsall,lgoodsallq1@netlog.com,Music,$25.14 ,5/4/17
Pierre Longfut,plongfutq2@icq.com,Movies,$38.29 ,12/26/16
Legra Lafuente,llafuenteq3@merriam-webster.com,Books,$66.28 ,9/19/17
Nicolais Scarsbrick,nscarsbrickq4@utexas.edu,Baby,$70.34 ,6/6/17
Marlo Curwood,mcurwoodq5@who.int,Tools,$68.29 ,8/8/17
Odo Bolesworth,obolesworthq6@tiny.cc,Tools,$71.74 ,5/20/17
Deny Thurlow,dthurlowq7@telegraph.co.uk,Outdoors,$45.61 ,8/5/17
Rikki Tarplee,rtarpleeq8@ihg.com,Music,$30.79 ,8/2/17
Laurie Kieff,lkieffq9@blinklist.com,Industrial,$40.13 ,1/27/17
Marieann Napoleone,mnapoleoneqa@dropbox.com,Clothing,$11.63 ,7/4/17
Bertha Ingledow,bingledowqb@prnewswire.com,Health,$57.25 ,6/1/17
Philipa O' Reagan,poqc@youku.com,Music,$1.07 ,12/6/16
Osmund Jacquest,ojacquestqd@smugmug.com,Jewelery,$18.43 ,5/4/17
Paco Grebert,pgrebertqe@chron.com,Clothing,$71.59 ,4/26/17
Truman De Mars,tdeqf@tinypic.com,Games,$76.75 ,1/21/17
Lani Toms,ltomsqg@webnode.com,Health,$64.81 ,9/10/17
Bryanty Pead,bpeadqh@dedecms.com,Computers,$79.25 ,2/13/17
Irv Goodge,igoodgeqi@cloudflare.com,Garden,$17.11 ,3/16/17
Wilhelmine Rawsen,wrawsenqj@goo.ne.jp,Grocery,$1.19 ,7/29/17
Hort Manicom,hmanicomqk@photobucket.com,Books,$42.77 ,7/6/17
Val Norree,vnorreeql@bigcartel.com,Shoes,$61.44 ,7/7/17
Jean Batisse,jbatisseqm@elegantthemes.com,Industrial,$95.28 ,10/27/16
Hugibert Westover,hwestoverqn@japanpost.jp,Movies,$92.56 ,7/2/17
Tabitha Ivanikhin,tivanikhinqo@yellowbook.com,Beauty,$68.50 ,7/7/17
Berti Feasley,bfeasleyqp@odnoklassniki.ru,Books,$57.00 ,5/20/17
Cari Blundon,cblundonqq@about.me,Jewelery,$58.52 ,4/4/17
Munmro Mussen,mmussenqr@redcross.org,Books,$17.39 ,7/12/17
Murielle Tiley,mtileyqs@mlb.com,Kids,$27.97 ,10/23/16
Imojean Bronger,ibrongerqt@w3.org,Garden,$14.99 ,6/2/17
Jacques Gavagan,jgavaganqu@tinypic.com,Clothing,$99.41 ,11/23/16
Truman Capron,tcapronqv@webmd.com,Health,$76.97 ,1/8/17
Esmaria Lievesley,elievesleyqw@github.io,Toys,$10.91 ,4/3/17
Giacobo Wayper,gwayperqx@yelp.com,Home,$34.84 ,8/11/17
Papagena Renehan,prenehanqy@cocolog-nifty.com,Grocery,$36.11 ,10/24/16
Aloise Walklot,awalklotqz@alexa.com,Baby,$72.02 ,5/25/17
Kerr Dockerty,kdockertyr0@delicious.com,Beauty,$2.76 ,2/3/17
Pierette Elstob,pelstobr1@berkeley.edu,Clothing,$79.54 ,2/21/17
Trueman Chawner,tchawnerr2@ucoz.com,Grocery,$22.26 ,9/5/17
Ulberto Giocannoni,ugiocannonir3@posterous.com,Baby,$6.08 ,3/10/17
Georgie O'Cullen,gocullenr4@gmpg.org,Sports,$51.28 ,10/13/16
Sophi Muggeridge,smuggeridger5@posterous.com,Music,$57.57 ,12/9/16
Katrine Rylance,krylancer6@nasa.gov,Music,$43.40 ,10/2/16
Sophie Stempe,sstemper7@ocn.ne.jp,Outdoors,$17.74 ,11/23/16
Alexine Urion,aurionr8@behance.net,Shoes,$55.38 ,9/5/17
Lorilyn Perrigo,lperrigor9@skype.com,Movies,$78.33 ,11/15/16
Ianthe Postins,ipostinsra@edublogs.org,Tools,$54.02 ,5/2/17
Adam Foster-Smith,afostersmithrb@aboutads.info,Beauty,$56.82 ,12/5/16
Patton Frankland,pfranklandrc@hostgator.com,Toys,$57.28 ,12/26/16
Dorthea Stetlye,dstetlyerd@discovery.com,Games,$59.99 ,11/25/16
Noach Ferrara,nferrarare@tripod.com,Jewelery,$4.89 ,8/10/17
Brady Tolson,btolsonrf@cnbc.com,Beauty,$58.46 ,4/11/17
Andris Madders,amaddersrg@go.com,Kids,$71.96 ,7/13/17
Harriet Whaymand,hwhaymandrh@cbc.ca,Grocery,$78.97 ,8/25/17
Yelena Banat,ybanatri@ning.com,Books,$43.06 ,12/1/16
Stacee Vero,sverorj@blogspot.com,Kids,$57.57 ,9/27/17
Winston Rooper,wrooperrk@github.com,Health,$69.56 ,4/28/17
Rafaela Smallbone,rsmallbonerl@cpanel.net,Garden,$19.96 ,5/25/17
Leighton Farrance,lfarrancerm@fastcompany.com,Beauty,$31.62 ,2/16/17
Octavius Inkpin,oinkpinrn@berkeley.edu,Tools,$40.01 ,8/21/17
Raine Clardge,rclardgero@unicef.org,Toys,$35.94 ,6/8/17
Immanuel Lomax,ilomaxrp@hubpages.com,Toys,$81.11 ,11/23/16
Vina Ruane,vruanerq@ox.ac.uk,Electronics,$7.58 ,10/1/16
Julina Colter,jcolterrr@shinystat.com,Automotive,$31.23 ,11/22/16